customer_id,name,gender,birthdate,membership_date
1,佐藤 零,M,1976-08-03,2022-02-02
2,山口 知実,M,1966-03-24,2021-04-27
3,鈴木 裕美子,F,1985-04-11,2020-09-08
4,山崎 稔,M,1954-07-13,2022-08-14
5,佐藤 あすか,M,1989-01-22,2021-08-28
6,伊藤 学,M,1969-03-02,2021-01-13
7,斎藤 香織,M,1940-06-26,2022-10-12
8,太田 裕美子,M,1957-06-27,2021-08-09
9,後藤 幹,F,1987-04-19,2020-11-11
10,山田 さゆり,M,1985-01-27,2021-11-05
11,吉田 桃子,M,1999-07-09,2021-01-30
12,後藤 康弘,M,1999-07-13,2022-11-12
13,佐藤 あすか,M,1996-06-08,2021-04-21
14,鈴木 太一,M,1989-04-27,2024-08-26
15,山崎 美加子,M,2006-10-07,2024-09-27
16,加藤 健一,M,1977-02-24,2023-01-26
17,高橋 治,F,1968-11-18,2024-06-11
18,中村 真綾,M,1974-04-27,2020-09-24
19,佐藤 加奈,F,1942-08-03,2021-01-02
20,中島 花子,F,1999-08-12,2021-02-16
21,佐藤 智也,M,2007-06-07,2023-11-12
22,後藤 和也,M,1952-08-27,2021-10-26
23,小林 涼平,F,1973-02-02,2024-03-12
24,岡田 晃,F,1973-02-28,2021-07-04
25,伊藤 康弘,F,1969-09-29,2021-01-19
26,佐藤 くみ子,M,1966-12-22,2023-07-03
27,小林 修平,M,1961-01-20,2020-11-13
28,山田 さゆり,F,1988-01-12,2024-07-06
29,石井 充,M,1971-10-17,2021-01-10
30,山口 明美,M,1941-07-15,2023-01-27
31,藤井 春香,F,1979-09-07,2021-02-07
32,村上 拓真,M,1982-03-12,2025-03-09
33,藤田 零,F,1999-07-16,2021-04-24
34,岡田 香織,F,1984-06-28,2021-02-07
35,山下 治,F,1980-03-16,2023-02-13
36,佐藤 学,M,1991-07-12,2021-08-27
37,清水 健一,F,1971-01-10,2020-08-21
38,小林 淳,M,1940-06-09,2023-08-17
39,中村 結衣,F,1980-02-01,2023-06-14
40,村上 直子,M,1960-03-16,2021-10-20
41,橋本 太一,F,1985-02-01,2024-11-10
42,佐藤 幹,F,1944-12-26,2024-03-22
43,森 結衣,M,1951-05-07,2022-09-30
44,鈴木 陽子,M,1974-03-18,2024-05-11
45,坂本 亮介,M,1942-04-30,2025-05-21
46,松本 舞,M,1974-12-04,2020-11-11
47,中村 零,F,1994-04-14,2024-09-15
48,山口 明美,M,2001-01-15,2025-06-03
49,山田 桃子,M,1972-12-21,2024-05-22
50,藤原 英樹,M,1945-11-20,2020-12-04
51,小林 香織,F,1962-03-20,2025-06-15
52,中村 浩,F,1972-12-11,2020-11-27
53,佐藤 太郎,F,1978-12-01,2025-01-18
54,藤井 稔,F,1946-01-13,2022-07-01
55,長谷川 知実,M,1978-01-15,2021-10-08
56,橋本 明美,F,1983-06-23,2022-05-21
57,橋本 淳,F,1946-04-14,2023-01-02
58,小川 太郎,M,1988-06-20,2023-06-05
59,田中 知実,F,1946-10-25,2023-06-04
60,山下 涼平,M,1941-11-23,2025-03-30
61,吉田 智也,M,1973-07-03,2023-05-13
62,佐々木 美加子,M,1981-02-03,2021-09-30
63,斎藤 結衣,M,1958-08-22,2020-12-07
64,渡辺 英樹,F,1965-11-11,2022-12-04
65,山崎 裕美子,F,1980-04-12,2023-12-18
66,山口 洋介,F,1946-03-05,2021-09-28
67,坂本 直樹,M,1946-10-29,2024-03-19
68,中村 香織,F,1959-09-19,2021-07-08
69,佐々木 桃子,M,1974-09-13,2024-12-29
70,伊藤 里佳,M,2003-10-25,2021-10-22
71,松本 あすか,M,1940-08-01,2022-07-16
72,林 桃子,F,1978-12-08,2021-05-09
73,鈴木 真綾,F,1953-12-30,2025-04-25
74,鈴木 さゆり,F,1975-04-20,2020-06-27
75,中島 知実,M,1995-10-11,2021-11-15
76,山本 知実,M,1977-04-30,2023-11-19
77,中島 篤司,F,1999-03-06,2022-07-18
78,佐藤 京助,M,1963-01-06,2020-08-18
79,佐藤 智也,F,1972-11-15,2024-03-26
80,太田 陽一,F,1986-08-25,2022-08-05
81,小林 結衣,F,1977-08-16,2021-01-31
82,山田 拓真,M,1960-04-18,2020-12-30
83,佐藤 桃子,F,1969-02-06,2020-08-24
84,山本 淳,M,1970-06-28,2022-06-27
85,井上 裕美子,M,1980-03-25,2025-06-17
86,遠藤 修平,F,1943-08-19,2024-10-11
87,高橋 聡太郎,F,1973-06-16,2024-01-06
88,鈴木 拓真,F,1956-10-18,2022-04-09
89,村上 英樹,F,1961-04-02,2022-04-07
90,山崎 さゆり,M,1981-07-10,2025-01-23
91,石川 千代,M,1985-07-27,2023-12-17
92,福田 零,F,1949-10-16,2023-04-18
93,石井 さゆり,M,1951-01-15,2022-05-24
94,伊藤 加奈,M,1959-06-28,2022-02-04
95,小川 英樹,M,1942-07-21,2025-01-08
96,加藤 知実,M,1993-02-21,2021-09-02
97,高橋 晃,M,1968-07-15,2024-11-11
98,高橋 あすか,F,2005-05-13,2024-08-28
99,木村 真綾,M,1984-06-05,2022-12-29
100,小林 康弘,F,1950-03-12,2022-12-24
101,佐藤 浩,F,1971-01-16,2024-08-16
102,西村 浩,F,1948-10-04,2020-06-29
103,田中 修平,F,1962-04-10,2023-08-21
104,岡本 裕美子,M,1964-01-14,2021-08-20
105,池田 裕太,M,1955-09-18,2022-01-14
106,三浦 修平,F,1942-08-23,2021-12-13
107,渡辺 陽子,F,2007-05-08,2025-04-10
108,加藤 千代,M,1984-10-24,2020-10-31
109,橋本 美加子,F,1970-08-01,2024-08-05
110,渡辺 京助,F,1954-01-31,2025-03-31
111,佐藤 修平,M,1955-11-05,2021-03-16
112,石井 和也,F,1944-09-25,2023-07-12
113,前田 治,M,1962-02-17,2023-03-14
114,高橋 稔,F,1984-10-24,2020-06-29
115,山下 京助,M,1955-07-17,2023-10-24
116,鈴木 幹,M,1944-04-01,2025-05-18
117,佐藤 晃,F,1958-11-08,2022-11-14
118,高橋 充,M,1991-05-04,2023-07-17
119,石川 真綾,M,1961-10-11,2022-04-06
120,福田 香織,F,1971-04-16,2024-02-13
121,坂本 浩,M,1962-03-01,2021-04-10
122,前田 美加子,M,2001-05-21,2023-06-24
123,木村 七夏,F,1943-01-30,2024-05-04
124,渡辺 亮介,F,1994-04-27,2022-01-20
125,井上 桃子,M,1987-11-26,2024-10-14
126,鈴木 健一,M,2004-09-21,2024-08-15
127,鈴木 陽子,F,1959-07-24,2020-11-23
128,佐藤 翼,F,1993-05-26,2022-05-08
129,山本 聡太郎,M,1968-10-25,2022-07-14
130,佐藤 結衣,M,1953-02-02,2021-01-31
131,中島 英樹,M,1969-01-01,2024-12-09
132,吉田 陽子,M,1946-04-02,2022-05-23
133,山口 拓真,M,1964-02-03,2020-10-08
134,山下 陽子,F,1974-10-08,2023-10-20
135,吉田 花子,M,1984-12-18,2023-01-16
136,坂本 裕美子,M,1953-04-08,2025-05-11
137,吉田 稔,M,1993-12-14,2023-10-03
138,山下 洋介,F,2002-06-10,2022-08-18
139,岡田 直樹,M,2005-03-20,2024-05-25
140,佐藤 裕樹,F,1979-05-06,2022-08-07
141,山崎 稔,F,1982-10-23,2023-12-13
142,高橋 太郎,M,1971-03-14,2020-07-19
143,田中 結衣,M,1952-01-28,2021-09-04
144,斎藤 和也,F,1965-09-25,2021-08-22
145,中村 裕樹,F,1945-09-14,2022-06-22
146,中村 舞,F,1999-03-23,2023-08-19
147,井上 あすか,F,1973-06-24,2023-01-15
148,小林 裕樹,F,1999-06-07,2023-10-10
149,斎藤 幹,M,1987-06-09,2024-04-25
150,斎藤 里佳,M,1962-11-01,2024-07-02
151,長谷川 健一,M,1990-05-01,2023-02-08
152,太田 篤司,M,1954-06-05,2023-11-29
153,小林 あすか,F,1990-03-18,2021-04-22
154,山田 陽一,M,1978-05-05,2025-04-03
155,佐藤 あすか,M,1978-01-29,2023-07-23
156,田中 涼平,M,1999-12-11,2023-08-13
157,長谷川 明美,M,1972-12-30,2021-01-11
158,中村 陽一,M,1954-11-13,2020-12-24
159,山田 舞,M,1942-01-11,2025-04-18
160,伊藤 明美,M,1979-12-11,2023-06-29
161,伊藤 和也,M,1960-01-27,2021-04-18
162,坂本 拓真,M,1994-01-29,2022-03-15
163,西村 加奈,F,1957-03-03,2022-03-18
164,鈴木 太一,M,1977-04-24,2022-04-30
165,吉田 智也,M,1950-08-22,2021-04-30
166,坂本 七夏,F,1968-01-11,2021-03-26
167,佐藤 春香,F,1994-09-08,2024-11-24
168,坂本 あすか,M,1946-08-17,2022-11-15
169,清水 明美,M,1978-07-17,2023-09-24
170,佐々木 さゆり,F,2006-02-17,2021-05-22
171,西村 康弘,M,1998-01-13,2023-03-12
172,中村 七夏,F,1994-09-23,2021-07-22
173,渡辺 太郎,F,1965-03-08,2024-02-01
174,渡辺 零,M,1976-06-07,2022-10-12
175,田中 結衣,M,1946-06-14,2022-08-04
176,佐藤 拓真,M,1994-01-12,2021-01-31
177,青木 零,F,1963-02-01,2021-01-20
178,前田 翼,F,2005-05-07,2021-09-25
179,松本 浩,F,1961-07-21,2024-04-23
180,加藤 直樹,F,1963-12-18,2023-03-03
181,小林 洋介,F,1974-01-15,2024-12-14
182,山田 智也,M,1950-11-26,2022-11-22
183,池田 加奈,M,1953-02-22,2024-04-05
184,坂本 直樹,M,1957-09-09,2022-12-13
185,橋本 稔,F,1971-04-30,2021-08-01
186,林 幹,F,1971-01-28,2024-03-11
187,渡辺 桃子,M,1984-03-09,2021-07-12
188,松田 桃子,M,1999-09-15,2024-03-18
189,木村 聡太郎,M,1970-06-24,2020-11-13
190,小川 篤司,M,1968-05-26,2025-02-06
191,石川 涼平,F,1993-03-30,2021-11-28
192,中川 真綾,M,1956-07-24,2023-09-02
193,山崎 春香,F,1971-10-29,2023-12-17
194,石井 浩,M,1957-08-09,2024-04-07
195,小林 香織,F,1948-10-04,2024-01-17
196,鈴木 里佳,F,1958-05-12,2024-01-22
197,池田 智也,M,1985-11-04,2023-04-08
198,近藤 陽子,M,1957-02-04,2021-04-05
199,鈴木 洋介,F,1957-07-16,2021-05-01
200,井上 淳,M,1978-07-18,2023-01-26
201,田中 京助,M,1952-01-29,2023-08-05
202,佐藤 くみ子,M,1984-03-11,2023-03-13
203,高橋 太郎,M,1993-04-01,2024-01-08
204,石井 幹,M,1971-07-29,2023-03-06
205,鈴木 舞,M,1948-07-30,2023-02-25
206,村上 幹,F,1982-03-25,2022-04-25
207,前田 さゆり,F,2002-06-01,2025-05-21
208,中村 裕太,F,1956-01-26,2021-03-13
209,伊藤 篤司,M,1954-02-07,2025-06-06
210,鈴木 智也,F,1945-05-05,2022-06-10
211,木村 直子,M,2001-05-03,2023-04-23
212,山田 智也,M,1974-06-18,2023-03-03
213,鈴木 篤司,F,1996-12-29,2024-07-04
214,中村 舞,M,1968-04-28,2022-11-27
215,高橋 裕美子,F,1956-10-24,2022-12-08
216,山本 洋介,F,1970-12-29,2020-11-15
217,井上 直子,F,1972-08-04,2022-12-13
218,中村 真綾,F,2005-01-06,2022-11-16
219,田中 桃子,F,1966-10-16,2023-01-21
220,松本 晃,F,2001-06-18,2022-06-13
221,藤原 篤司,M,2005-02-26,2022-06-04
222,岡田 直人,M,1944-07-05,2024-09-06
223,鈴木 あすか,F,1979-01-26,2022-05-06
224,清水 聡太郎,M,1988-02-07,2024-02-15
225,佐藤 加奈,M,1986-07-05,2024-03-01
226,田中 京助,M,2004-06-09,2020-12-23
227,鈴木 太郎,F,1976-12-16,2023-07-17
228,森 真綾,M,1947-05-24,2022-08-02
229,山本 拓真,M,2000-07-12,2023-10-20
230,山崎 拓真,F,1958-06-24,2022-11-13
231,高橋 美加子,M,2000-09-26,2021-01-01
232,坂本 結衣,M,1990-06-30,2020-08-14
233,林 舞,M,1970-01-07,2025-02-24
234,井上 智也,M,1995-05-21,2022-02-14
235,松田 洋介,M,1975-10-25,2023-06-24
236,森 直子,M,2004-01-10,2023-06-14
237,松本 さゆり,M,1957-02-06,2022-06-16
238,近藤 涼平,F,1965-08-21,2022-09-12
239,中村 くみ子,M,2006-08-08,2020-09-02
240,斎藤 結衣,M,1946-01-20,2022-03-02
241,佐々木 裕美子,M,2006-07-03,2021-04-29
242,斎藤 稔,M,1955-06-11,2021-08-07
243,渡辺 明美,F,1984-12-12,2023-03-02
244,伊藤 加奈,F,1948-09-01,2022-10-10
245,藤原 英樹,F,1974-06-26,2025-05-19
246,山田 和也,M,1964-02-04,2024-09-24
247,吉田 翼,F,1943-02-03,2024-02-11
248,山田 知実,M,1955-05-21,2022-03-19
249,斎藤 充,F,1943-05-10,2021-05-25
250,井上 智也,F,1964-06-12,2025-02-15
251,山口 裕樹,M,1959-06-19,2025-02-26
252,山本 篤司,F,1944-01-01,2020-08-24
253,山本 あすか,F,1961-03-02,2022-03-15
254,鈴木 里佳,F,1978-11-08,2025-06-15
255,加藤 あすか,M,1964-04-04,2021-04-11
256,前田 聡太郎,M,1989-03-08,2023-03-31
257,山田 知実,F,1994-01-15,2023-12-21
258,福田 幹,M,1982-04-27,2022-01-18
259,鈴木 幹,M,1996-12-07,2022-10-20
260,藤原 拓真,M,1952-11-28,2023-08-23
261,山下 治,F,1970-04-28,2023-02-21
262,木村 あすか,M,1941-08-31,2022-01-17
263,森 結衣,F,1966-06-04,2023-08-04
264,山下 くみ子,M,1985-10-28,2023-06-26
265,遠藤 淳,M,1981-05-21,2021-03-17
266,岡田 健一,F,1954-06-12,2020-07-12
267,遠藤 陽子,F,1952-01-29,2024-12-06
268,長谷川 明美,M,1962-02-26,2020-07-29
269,松田 淳,F,1957-10-25,2020-09-15
270,岡田 桃子,F,1951-06-02,2025-03-14
271,斎藤 陽子,M,1984-06-16,2021-03-07
272,佐藤 直樹,F,1965-06-24,2021-06-17
273,林 真綾,M,1978-06-08,2023-10-11
274,吉田 知実,M,1959-12-15,2020-09-05
275,山本 涼平,F,1943-10-18,2023-08-23
276,佐藤 拓真,M,1962-11-08,2021-02-16
277,田中 さゆり,M,2000-04-25,2020-12-06
278,渡辺 和也,M,1962-07-21,2020-10-14
279,岡本 洋介,F,1989-10-27,2021-09-18
280,藤原 和也,F,1948-07-25,2024-02-16
281,森 知実,M,1957-12-30,2025-02-14
282,山本 舞,F,2003-06-25,2022-10-29
283,山本 春香,M,1993-11-06,2025-03-24
284,渡辺 京助,F,2001-03-17,2025-05-20
285,阿部 直樹,F,1987-10-13,2021-06-06
286,中村 さゆり,F,2001-10-16,2025-03-26
287,清水 知実,M,1977-02-01,2022-02-23
288,木村 真綾,M,1983-04-09,2023-02-07
289,石井 翼,F,1947-09-25,2025-03-22
290,山本 香織,F,1954-03-12,2022-01-13
291,鈴木 和也,M,1997-02-14,2023-10-14
292,佐藤 修平,M,1947-11-22,2020-08-20
293,小川 結衣,F,1989-05-25,2020-06-20
294,山下 春香,M,1939-07-22,2025-02-24
295,田中 和也,F,1963-03-05,2024-05-02
296,橋本 明美,M,1991-01-01,2021-02-26
297,小川 舞,F,1958-03-12,2022-11-17
298,村上 春香,F,1984-12-11,2022-10-15
299,吉田 花子,M,1960-07-30,2023-12-01
300,小林 学,M,1995-08-27,2022-05-07
301,佐々木 舞,M,1973-12-04,2021-12-16
302,田中 晃,M,1971-02-05,2021-05-08
303,福田 康弘,M,1970-05-08,2020-06-26
304,山田 洋介,F,1940-09-18,2023-10-25
305,岡田 春香,M,1986-08-03,2023-10-06
306,山口 修平,F,2007-06-02,2023-08-11
307,渡辺 陽一,M,1964-09-21,2025-02-21
308,高橋 英樹,M,2005-07-31,2022-06-07
309,田中 学,F,1999-06-18,2024-08-05
310,中島 美加子,F,1988-03-04,2022-01-27
311,小林 涼平,M,1958-06-18,2020-12-14
312,前田 桃子,F,1978-05-31,2021-04-04
313,岡本 篤司,M,1985-01-05,2022-01-27
314,中村 京助,M,1945-08-26,2025-01-23
315,田中 直子,M,2003-12-11,2023-11-28
316,木村 あすか,F,1960-05-19,2025-04-15
317,佐藤 加奈,F,1960-01-31,2020-12-02
318,小川 桃子,M,1948-04-28,2023-09-21
319,長谷川 英樹,M,1963-01-21,2023-07-05
320,伊藤 結衣,M,1993-10-25,2022-08-17
321,森 治,M,1993-09-08,2024-04-27
322,岡本 香織,F,2003-04-10,2020-11-13
323,中島 春香,M,1956-10-11,2023-05-24
324,太田 香織,M,1990-06-26,2024-04-29
325,加藤 里佳,F,1952-10-23,2024-10-28
326,山口 明美,F,1968-04-28,2020-08-07
327,山本 里佳,M,1962-08-16,2023-05-30
328,長谷川 翼,F,1964-02-09,2020-12-24
329,渡辺 学,M,1956-12-10,2022-02-22
330,岡田 花子,M,1997-09-27,2021-01-25
331,中島 幹,F,2000-05-09,2024-01-31
332,中島 直樹,M,1995-11-01,2024-01-08
333,渡辺 千代,F,1986-07-03,2023-03-16
334,小林 稔,M,1984-08-27,2023-09-21
335,山本 七夏,M,2001-11-24,2023-10-23
336,石井 明美,F,1948-12-29,2021-11-01
337,木村 春香,F,1951-09-15,2023-07-04
338,阿部 七夏,F,2004-12-20,2022-04-27
339,加藤 淳,M,1974-05-11,2023-04-22
340,加藤 加奈,M,2002-09-11,2025-03-26
341,渡辺 真綾,M,2002-03-12,2025-06-06
342,加藤 香織,M,1942-09-07,2022-06-12
343,青木 聡太郎,F,1952-07-13,2024-11-08
344,佐々木 里佳,F,1961-04-22,2023-01-13
345,中村 あすか,F,1968-07-17,2022-07-28
346,田中 裕樹,M,1941-02-24,2022-11-27
347,木村 翔太,F,1940-10-25,2020-12-16
348,山本 京助,F,1954-05-21,2023-01-23
349,坂本 直樹,F,1968-05-05,2024-12-03
350,加藤 裕太,F,1940-01-11,2024-10-29
351,山本 あすか,M,1966-08-24,2024-06-06
352,加藤 真綾,M,1958-06-14,2024-10-01
353,佐藤 陽子,F,2006-10-27,2021-01-17
354,中島 篤司,M,2002-09-16,2022-07-22
355,斉藤 真綾,F,1961-03-09,2021-12-15
356,松本 真綾,M,1948-10-22,2023-03-27
357,斉藤 健一,M,1949-04-19,2021-07-06
358,山下 加奈,F,1985-04-21,2023-08-17
359,加藤 篤司,F,1989-09-09,2021-02-06
360,伊藤 亮介,F,1966-12-03,2021-01-24
361,小林 直人,F,1980-06-21,2023-02-19
362,山口 裕樹,M,2006-04-19,2024-05-24
363,中島 加奈,F,1981-03-31,2024-05-23
364,岡田 香織,M,1944-08-13,2021-03-10
365,高橋 知実,F,1958-06-01,2021-06-23
366,山口 翼,M,2004-05-30,2020-09-02
367,井上 陽子,F,1994-03-17,2020-07-24
368,清水 舞,M,1978-10-26,2022-03-12
369,橋本 英樹,M,1989-06-27,2025-01-18
370,長谷川 浩,F,1993-12-03,2022-07-29
371,鈴木 千代,F,1959-05-13,2024-10-23
372,佐々木 香織,M,1952-10-07,2024-03-12
373,村上 充,F,2002-10-15,2021-02-23
374,太田 聡太郎,F,1957-05-02,2023-06-08
375,松本 千代,M,1946-03-11,2022-05-16
376,藤井 英樹,F,1962-10-12,2025-01-15
377,吉田 桃子,F,1946-06-13,2025-05-22
378,田中 健一,F,1950-05-27,2022-09-20
379,林 太一,F,1974-04-16,2024-12-29
380,山下 学,F,1947-04-17,2020-12-09
381,伊藤 裕樹,F,1990-01-30,2020-12-14
382,藤原 和也,M,1974-01-14,2022-12-01
383,坂本 さゆり,M,1945-02-11,2023-03-01
384,山崎 直子,F,1987-01-26,2023-10-09
385,森 くみ子,F,1976-07-19,2021-04-26
386,山口 結衣,M,1968-07-02,2023-12-12
387,佐藤 さゆり,F,1968-12-18,2021-01-22
388,山田 加奈,F,1967-12-21,2024-02-04
389,山口 晃,M,1997-12-16,2025-03-17
390,渡辺 知実,F,1977-06-02,2022-08-13
391,中島 康弘,F,1994-04-29,2022-07-26
392,鈴木 修平,M,1984-08-22,2020-08-21
393,石井 健一,F,1988-03-08,2025-01-29
394,福田 直樹,F,1953-04-07,2023-01-09
395,木村 あすか,F,1993-03-01,2024-07-17
396,岡田 太郎,F,1986-03-31,2023-05-25
397,高橋 結衣,F,2004-12-22,2021-11-17
398,伊藤 七夏,M,2006-06-01,2022-10-02
399,山崎 舞,F,1988-02-09,2023-01-12
400,村上 舞,M,1994-10-12,2020-10-17
401,渡辺 裕樹,M,1986-07-30,2024-02-23
402,高橋 美加子,F,1944-06-13,2023-01-07
403,阿部 真綾,F,1939-10-19,2024-09-27
404,井上 加奈,M,1973-05-11,2021-01-26
405,山本 幹,M,1969-06-26,2022-11-01
406,佐藤 洋介,F,1949-03-14,2021-12-16
407,阿部 洋介,M,1950-05-16,2022-08-10
408,中川 さゆり,M,2002-12-30,2022-05-22
409,山本 零,M,1944-11-11,2020-06-23
410,井上 充,M,1990-02-07,2022-06-21
411,福田 学,M,1975-01-08,2024-11-13
412,伊藤 桃子,M,2000-07-24,2023-03-26
413,佐々木 里佳,F,1980-05-19,2020-10-17
414,松本 健一,M,1965-02-10,2023-09-14
415,岡本 翔太,F,1995-02-08,2022-10-18
416,三浦 充,F,1939-07-29,2024-03-03
417,木村 淳,M,2000-09-06,2021-11-30
418,中村 修平,F,1950-02-27,2021-04-26
419,佐藤 里佳,F,1961-10-15,2020-10-11
420,斎藤 太郎,F,1962-08-06,2021-03-24
421,佐藤 千代,M,1986-02-19,2024-02-09
422,斎藤 英樹,M,1988-03-04,2021-08-14
423,村上 充,M,2000-02-23,2024-10-07
424,山本 陽一,M,1960-09-10,2020-09-16
425,木村 あすか,F,1964-01-11,2023-12-09
426,松本 直子,M,1987-11-16,2021-11-13
427,石川 桃子,M,1939-09-20,2020-08-13
428,斉藤 春香,F,1980-12-27,2024-03-27
429,石井 裕美子,M,1957-07-17,2022-06-23
430,坂本 直子,M,1972-07-12,2024-06-07
431,中村 里佳,M,1958-01-11,2022-09-06
432,清水 浩,F,1988-09-22,2020-07-06
433,高橋 千代,M,1978-05-11,2025-01-15
434,森 七夏,F,1985-12-11,2023-01-09
435,井上 さゆり,F,1975-08-03,2024-07-11
436,鈴木 治,F,1954-08-06,2022-08-04
437,松本 裕太,F,1952-06-28,2025-01-05
438,渡辺 幹,F,1939-07-30,2023-09-06
439,山崎 千代,M,1980-05-15,2024-09-26
440,鈴木 裕樹,F,1953-05-03,2024-08-24
441,田中 淳,F,1991-12-29,2023-05-02
442,山下 加奈,F,1963-12-26,2020-07-22
443,伊藤 桃子,M,2005-12-03,2021-07-30
444,斉藤 英樹,F,1995-09-08,2024-11-13
445,高橋 浩,F,1961-06-30,2023-09-11
446,坂本 知実,M,1993-06-20,2021-01-18
447,佐々木 晃,F,1997-12-08,2021-12-09
448,井上 修平,F,1992-01-30,2021-05-10
449,後藤 くみ子,M,1981-11-10,2025-01-28
450,小川 あすか,F,1959-08-08,2022-12-07
451,鈴木 治,M,1982-12-08,2021-05-20
452,中島 翔太,F,1989-09-28,2023-03-19
453,岡田 陽子,F,1971-07-18,2021-05-07
454,山田 治,F,1982-04-13,2023-01-07
455,斎藤 さゆり,M,1983-02-12,2020-11-06
456,松本 亮介,M,1963-05-15,2024-08-11
457,佐々木 幹,M,1975-03-09,2021-05-17
458,高橋 七夏,M,1983-01-11,2020-06-21
459,中村 稔,F,1975-08-06,2024-06-03
460,佐藤 拓真,M,1940-03-10,2024-05-27
461,小林 里佳,M,1949-11-19,2020-12-05
462,佐藤 真綾,M,1964-08-21,2021-01-21
463,青木 さゆり,F,1961-01-10,2022-12-16
464,佐藤 知実,F,2001-07-01,2023-10-25
465,山崎 康弘,F,1988-05-15,2025-04-28
466,三浦 翔太,F,1960-03-28,2021-05-09
467,中村 くみ子,F,1987-09-26,2024-05-14
468,井上 治,M,1997-07-24,2022-08-16
469,石川 陽子,M,1944-03-27,2021-06-25
470,藤田 洋介,F,2004-11-07,2023-07-04
471,青木 香織,F,2002-04-19,2023-07-03
472,山本 美加子,M,1945-09-17,2025-05-31
473,後藤 亮介,F,1973-12-05,2023-03-27
474,山崎 拓真,F,1949-05-05,2020-07-17
475,鈴木 春香,M,1995-09-07,2022-07-23
476,石井 零,F,1982-06-21,2023-04-10
477,山崎 洋介,F,1944-04-16,2021-03-16
478,山本 稔,F,1959-09-09,2020-12-05
479,井上 美加子,F,1957-09-11,2023-08-19
480,渡辺 英樹,M,1962-06-15,2024-03-11
481,佐藤 稔,F,1983-01-21,2021-08-27
482,鈴木 くみ子,M,1968-12-29,2024-12-24
483,佐藤 くみ子,F,1954-10-29,2023-05-21
484,山田 あすか,F,1995-02-01,2021-03-22
485,太田 浩,F,1953-07-19,2022-12-29
486,藤井 拓真,M,1995-11-01,2023-12-10
487,木村 太一,F,2004-06-01,2023-10-24
488,伊藤 明美,F,1977-08-30,2025-06-06
489,清水 千代,F,1971-11-04,2023-04-12
490,近藤 裕太,M,1946-07-05,2021-06-19
491,伊藤 充,F,1970-05-29,2022-09-19
492,佐々木 明美,M,1967-11-20,2025-01-27
493,山崎 洋介,M,1990-08-01,2021-03-05
494,中村 幹,F,1978-07-01,2024-04-18
495,吉田 和也,M,2001-12-10,2025-04-18
496,木村 香織,M,1942-12-13,2023-02-01
497,太田 裕美子,F,1986-06-23,2024-11-11
498,坂本 幹,M,1970-07-06,2023-12-16
499,鈴木 千代,F,1976-10-20,2021-01-16
500,中村 春香,M,1970-06-30,2024-12-18
501,山下 洋介,M,2001-05-09,2022-02-12
502,長谷川 陽一,F,1956-10-04,2021-08-08
503,田中 直人,F,1980-11-27,2024-05-18
504,渡辺 春香,F,2002-05-06,2021-07-01
505,佐藤 桃子,M,1993-01-08,2023-06-07
506,三浦 香織,F,1986-07-08,2023-05-03
507,井上 浩,F,1955-08-10,2022-06-15
508,藤田 真綾,F,1940-10-15,2023-11-21
509,藤原 香織,F,1968-10-19,2024-05-15
510,岡田 結衣,F,1997-06-30,2022-05-17
511,斎藤 涼平,F,1987-07-19,2022-12-10
512,松本 翼,F,1953-01-17,2023-12-12
513,佐々木 加奈,M,2006-02-13,2024-09-23
514,西村 翔太,F,1963-01-09,2022-06-21
515,岡田 あすか,M,1979-06-27,2021-06-07
516,中村 桃子,M,2000-10-06,2025-05-16
517,木村 裕太,F,1994-08-05,2020-08-09
518,田中 加奈,M,1972-05-11,2021-03-08
519,遠藤 結衣,M,1978-12-29,2022-12-17
520,山崎 晃,M,2005-08-27,2024-01-10
521,斎藤 明美,M,1945-10-12,2022-05-21
522,藤田 洋介,M,1984-03-11,2023-06-03
523,岡本 春香,M,1968-03-11,2024-09-08
524,山本 明美,M,1968-03-04,2025-05-09
525,小林 七夏,M,2002-04-14,2022-08-11
526,松田 結衣,M,1956-04-27,2025-05-01
527,遠藤 裕美子,M,1945-03-15,2023-03-12
528,加藤 あすか,F,1999-08-21,2021-04-07
529,鈴木 春香,M,1949-08-16,2023-10-13
530,後藤 直樹,M,1941-06-30,2023-09-02
531,伊藤 加奈,F,1957-08-26,2023-07-15
532,佐藤 翼,F,1954-04-06,2021-03-22
533,橋本 直子,F,1942-12-26,2024-07-03
534,中村 太郎,M,1966-12-28,2024-11-09
535,佐藤 英樹,M,1950-08-17,2022-04-29
536,加藤 七夏,M,1953-08-26,2022-05-13
537,田中 真綾,F,1955-06-21,2025-04-01
538,加藤 舞,M,1957-07-14,2022-01-31
539,山下 陽一,M,1985-06-24,2022-12-04
540,松本 裕美子,F,1950-01-04,2025-04-14
541,山本 翼,F,1948-10-15,2023-12-29
542,斎藤 京助,F,1978-07-04,2025-03-04
543,坂本 七夏,M,1990-01-22,2020-07-01
544,岡田 裕美子,M,1940-11-25,2022-01-27
545,藤原 花子,M,1953-02-07,2021-10-27
546,伊藤 智也,M,1976-11-25,2021-06-26
547,木村 結衣,F,1989-08-24,2022-06-19
548,山本 和也,M,1999-01-13,2020-07-07
549,吉田 充,M,1987-02-03,2024-07-26
550,森 さゆり,F,1958-06-12,2022-06-22
551,渡辺 結衣,F,1947-02-07,2021-09-28
552,山本 花子,F,1978-06-10,2021-08-28
553,中村 真綾,M,1990-08-17,2021-11-05
554,田中 零,F,1954-12-31,2021-04-19
555,石井 直人,M,1967-11-19,2024-11-13
556,山本 翼,F,2004-05-18,2023-07-31
557,後藤 稔,F,1971-05-13,2024-10-26
558,伊藤 修平,M,1953-09-22,2023-05-19
559,山田 裕美子,F,1976-08-25,2023-07-27
560,松本 健一,F,1966-09-30,2020-08-17
561,高橋 七夏,F,1960-01-17,2024-07-22
562,後藤 英樹,M,1958-03-22,2020-08-17
563,佐藤 直樹,F,1997-03-05,2022-07-19
564,西村 直樹,M,1956-04-26,2021-06-04
565,渡辺 篤司,F,1952-07-12,2023-12-21
566,中島 拓真,F,1979-03-28,2024-09-09
567,高橋 直人,F,1961-05-22,2024-07-17
568,松本 舞,F,1992-05-20,2022-02-03
569,山下 裕樹,F,1973-07-06,2022-04-11
570,鈴木 美加子,F,1982-05-17,2023-05-12
571,前田 零,M,1988-11-24,2023-05-04
572,石川 陽一,M,1984-05-27,2025-04-08
573,佐々木 くみ子,F,1980-01-12,2021-11-08
574,近藤 健一,F,1984-08-05,2022-10-24
575,佐藤 真綾,M,1979-12-01,2020-07-07
576,小林 聡太郎,F,1993-11-28,2024-08-04
577,田中 修平,F,1999-08-04,2024-07-07
578,山田 翼,F,1981-05-13,2023-05-17
579,木村 あすか,M,1976-04-15,2022-03-06
580,山田 智也,F,1977-03-13,2022-10-01
581,藤井 洋介,F,1964-11-25,2022-12-24
582,吉田 涼平,M,1964-03-16,2023-01-15
583,田中 洋介,F,1981-01-28,2024-11-10
584,近藤 淳,M,1970-06-20,2022-11-29
585,太田 知実,F,1940-05-21,2024-02-24
586,森 知実,F,1952-01-23,2024-06-18
587,藤田 里佳,F,1955-08-10,2021-05-29
588,山田 香織,F,1939-07-05,2022-12-18
589,田中 稔,F,1971-04-06,2024-01-24
590,森 拓真,M,2001-02-01,2024-02-10
591,鈴木 春香,M,1988-04-23,2022-12-28
592,斎藤 さゆり,M,1981-02-14,2022-06-22
593,松本 智也,M,1969-11-19,2021-12-16
594,鈴木 舞,F,2000-06-07,2021-06-05
595,石井 太郎,F,1994-08-18,2022-08-11
596,藤原 香織,M,1984-05-06,2021-07-08
597,山田 涼平,F,1986-05-27,2022-07-14
598,鈴木 里佳,F,1975-01-30,2021-01-03
599,中川 太一,F,1971-04-17,2022-06-01
600,加藤 幹,M,1965-11-09,2023-03-18
601,木村 真綾,M,1947-01-31,2022-11-15
602,小川 千代,F,2006-01-27,2021-05-04
603,佐藤 陽一,M,1947-05-23,2022-05-12
604,山田 舞,F,1959-05-27,2022-06-22
605,長谷川 翼,M,1957-03-15,2025-01-08
606,斉藤 聡太郎,F,1950-07-31,2021-06-27
607,佐藤 淳,F,1956-10-07,2022-09-10
608,田中 さゆり,F,1982-07-24,2021-02-27
609,吉田 幹,F,1955-08-25,2020-06-21
610,三浦 英樹,F,1948-04-03,2023-12-09
611,藤田 陽一,F,1989-09-24,2023-08-03
612,橋本 加奈,F,2004-09-11,2021-07-31
613,吉田 舞,F,2007-02-04,2024-01-15
614,高橋 涼平,F,1975-07-29,2021-03-27
615,山崎 さゆり,F,1996-08-01,2022-05-20
616,加藤 桃子,F,1970-09-27,2022-06-19
617,高橋 康弘,M,1988-07-29,2023-11-26
618,近藤 浩,M,1964-04-12,2022-08-16
619,藤田 拓真,M,1970-04-26,2025-04-25
620,山田 結衣,F,1972-06-07,2021-07-10
621,田中 零,M,1976-01-30,2024-10-24
622,佐藤 真綾,M,1941-06-20,2023-01-17
623,佐藤 涼平,M,1990-11-14,2022-09-27
624,加藤 舞,M,1947-04-22,2025-04-09
625,小林 陽一,F,2004-11-27,2022-07-29
626,藤原 健一,F,1979-10-04,2024-05-31
627,坂本 直樹,F,1969-07-23,2023-10-24
628,伊藤 春香,M,1999-03-20,2020-07-25
629,岡田 治,M,1964-08-07,2021-07-01
630,藤田 浩,F,1957-08-15,2023-08-09
631,橋本 明美,M,1981-06-11,2024-08-13
632,岡田 幹,F,1970-07-18,2025-01-21
633,山崎 舞,M,1962-05-20,2024-09-17
634,小林 知実,F,1980-01-06,2023-12-17
635,青木 裕樹,M,1955-07-11,2022-02-08
636,松本 聡太郎,M,1981-12-24,2022-03-22
637,阿部 結衣,F,1942-10-19,2022-07-03
638,佐々木 京助,M,1948-10-31,2022-11-09
639,阿部 英樹,M,1966-12-31,2021-12-02
640,石井 零,F,1970-06-30,2024-03-30
641,石井 陽一,M,1941-07-03,2021-03-07
642,林 くみ子,F,1951-01-25,2024-07-03
643,池田 さゆり,M,1987-07-23,2025-02-13
644,坂本 明美,M,1978-11-21,2024-04-06
645,藤井 明美,F,1995-10-05,2022-08-10
646,清水 京助,F,1957-09-18,2024-02-15
647,池田 篤司,F,1992-01-16,2023-03-23
648,岡本 学,F,1939-10-03,2025-06-02
649,斎藤 陽子,F,1972-02-20,2024-01-05
650,佐藤 春香,M,1996-09-17,2020-09-20
651,阿部 裕美子,M,1985-03-03,2024-04-24
652,山崎 康弘,F,1960-09-27,2021-08-29
653,渡辺 零,F,1961-08-04,2024-07-23
654,鈴木 加奈,M,1965-11-06,2024-08-31
655,鈴木 花子,M,2000-12-23,2025-05-04
656,斉藤 裕美子,F,1945-03-13,2021-10-31
657,松本 零,F,1990-10-21,2024-08-16
658,斎藤 拓真,M,1961-06-07,2024-09-20
659,中島 英樹,M,1954-10-23,2021-06-02
660,井上 明美,M,1977-12-08,2025-05-17
661,松本 修平,M,1998-01-20,2024-11-29
662,佐藤 陽子,F,1989-08-11,2022-07-10
663,中川 裕樹,M,1968-09-21,2023-02-06
664,石井 桃子,M,1969-10-21,2022-10-03
665,松田 桃子,M,1967-03-03,2025-04-29
666,佐藤 零,F,1986-03-26,2024-01-12
667,鈴木 七夏,M,1953-09-28,2021-03-01
668,伊藤 英樹,F,1940-08-12,2021-02-04
669,田中 淳,F,1974-11-11,2024-02-13
670,松本 香織,F,1983-02-14,2024-05-23
671,山本 あすか,F,1995-01-21,2025-05-12
672,山田 裕美子,F,1992-09-26,2024-03-13
673,佐藤 結衣,F,1977-04-16,2024-01-23
674,橋本 京助,M,1945-05-12,2020-08-29
675,田中 洋介,M,1997-03-13,2021-08-14
676,吉田 裕美子,M,1981-08-25,2021-11-30
677,遠藤 美加子,M,1983-03-23,2022-03-29
678,伊藤 稔,F,1992-06-10,2023-05-19
679,山田 舞,M,1979-05-24,2022-06-11
680,渡辺 春香,M,1942-04-10,2023-12-14
681,渡辺 さゆり,M,1970-10-02,2020-12-18
682,森 学,M,1985-07-28,2021-12-26
683,木村 千代,M,1993-12-19,2021-08-10
684,伊藤 明美,M,1947-05-03,2022-11-27
685,山口 直子,M,2001-09-08,2022-04-18
686,中島 智也,F,1987-12-17,2020-11-05
687,松本 裕太,F,1951-09-05,2023-03-30
688,清水 健一,F,1978-12-09,2021-08-15
689,林 直子,F,1943-11-04,2021-06-13
690,山本 結衣,M,1974-03-29,2024-04-16
691,加藤 くみ子,M,1944-07-16,2020-07-08
692,山崎 美加子,F,1966-12-16,2022-10-15
693,加藤 里佳,F,1944-02-12,2021-10-02
694,伊藤 陽子,F,1939-07-16,2023-05-05
695,長谷川 聡太郎,M,1968-07-30,2024-10-07
696,松本 陽子,M,1946-05-22,2021-06-13
697,山口 篤司,F,1967-07-07,2024-07-01
698,後藤 和也,M,1985-06-30,2021-08-22
699,田中 翔太,F,1956-08-28,2021-12-20
700,岡田 千代,M,1979-12-28,2024-04-07
701,加藤 春香,M,1965-05-28,2022-02-17
702,小林 春香,M,1941-04-18,2020-12-09
703,池田 明美,F,2001-07-06,2023-05-08
704,佐々木 加奈,M,1980-01-08,2022-06-25
705,渡辺 晃,M,1958-03-05,2023-09-23
706,西村 太郎,M,1967-06-01,2025-01-01
707,中村 裕樹,M,1979-02-11,2022-08-19
708,林 修平,F,2001-09-29,2022-02-17
709,斎藤 亮介,F,1999-02-19,2020-11-14
710,佐藤 くみ子,F,1956-08-23,2023-10-09
711,斉藤 裕美子,M,1970-06-08,2021-02-10
712,高橋 英樹,F,1948-02-10,2024-01-30
713,高橋 零,F,1939-07-02,2022-08-12
714,佐藤 亮介,F,1948-01-03,2021-07-04
715,山口 篤司,F,1983-05-14,2025-06-11
716,鈴木 康弘,F,1986-04-23,2022-12-11
717,長谷川 明美,F,1944-06-21,2022-07-14
718,石川 舞,M,1941-06-19,2023-06-23
719,太田 修平,M,1978-08-18,2021-08-03
720,青木 裕美子,F,2001-05-18,2021-08-23
721,藤井 晃,F,1948-02-17,2020-07-22
722,加藤 学,F,1940-07-25,2021-02-06
723,鈴木 洋介,M,2007-01-29,2020-06-29
724,松本 直子,M,1978-01-29,2020-11-06
725,石井 幹,M,1987-10-04,2025-05-08
726,高橋 舞,M,2002-03-24,2023-03-24
727,高橋 学,F,1998-10-05,2021-07-04
728,前田 あすか,M,1952-09-14,2022-11-08
729,西村 直子,M,1960-07-29,2022-08-04
730,小林 直人,F,1948-04-03,2021-11-26
731,山田 晃,F,1999-03-07,2025-02-24
732,鈴木 零,F,2002-09-06,2020-12-25
733,斎藤 美加子,M,1977-11-19,2024-03-29
734,松本 学,F,1999-09-09,2023-03-22
735,阿部 京助,F,1974-09-27,2022-01-10
736,伊藤 涼平,M,1967-04-23,2020-07-15
737,石井 里佳,F,1991-06-22,2025-03-25
738,山口 翔太,F,2005-12-03,2022-02-22
739,松田 健一,F,1999-04-15,2022-06-14
740,高橋 裕樹,F,1962-12-07,2023-05-07
741,森 桃子,F,1982-03-18,2022-05-21
742,高橋 里佳,M,1979-08-06,2021-09-09
743,太田 裕美子,M,1991-10-02,2025-01-26
744,阿部 直子,F,1957-12-08,2021-06-29
745,藤田 翔太,F,1990-08-24,2023-02-20
746,鈴木 千代,F,1987-09-09,2023-08-12
747,前田 直人,F,1981-06-01,2022-02-01
748,佐藤 拓真,F,1945-08-30,2020-12-21
749,佐藤 花子,M,1944-09-03,2020-07-28
750,井上 結衣,F,1997-12-19,2022-02-15
751,池田 さゆり,M,1989-03-24,2024-05-31
752,佐藤 康弘,F,1984-02-05,2023-04-16
753,遠藤 康弘,F,1970-12-14,2023-05-19
754,小林 聡太郎,F,2005-01-26,2024-09-22
755,田中 直樹,M,1991-08-30,2020-09-12
756,藤原 春香,F,1999-11-28,2020-12-14
757,小川 美加子,M,1986-01-22,2021-04-17
758,渡辺 直子,F,1992-01-11,2025-05-29
759,福田 裕美子,F,1957-03-20,2023-05-03
760,山本 英樹,M,1973-12-04,2024-06-12
761,山本 陽一,M,1992-04-21,2021-05-18
762,高橋 翔太,F,2006-11-24,2022-09-28
763,高橋 桃子,F,1943-08-16,2020-09-27
764,石川 学,F,1982-01-06,2021-12-17
765,中島 明美,M,1953-09-07,2025-02-05
766,佐藤 桃子,M,1980-05-13,2021-03-01
767,加藤 陽子,F,1942-10-24,2021-01-22
768,山下 京助,M,1958-11-05,2021-05-22
769,近藤 涼平,F,1946-08-26,2023-05-09
770,伊藤 浩,F,2003-09-02,2021-12-14
771,伊藤 知実,F,1961-06-23,2020-09-16
772,松田 さゆり,M,2001-10-17,2021-01-25
773,鈴木 明美,M,1982-04-08,2021-10-02
774,山本 明美,M,1979-07-23,2023-03-29
775,橋本 春香,M,1991-05-27,2022-04-08
776,森 さゆり,F,1987-02-25,2023-07-20
777,山口 康弘,M,2005-10-06,2022-11-14
778,山本 拓真,F,1963-04-12,2024-07-26
779,斉藤 美加子,M,1980-09-28,2023-03-23
780,高橋 篤司,M,2007-04-23,2025-01-23
781,中川 加奈,M,1944-05-01,2022-01-26
782,山口 香織,F,1997-12-30,2021-03-21
783,山口 直子,M,1954-05-14,2023-02-20
784,山本 桃子,M,1975-03-27,2024-06-24
785,佐々木 学,F,1970-11-24,2022-06-21
786,山下 拓真,F,2005-05-10,2024-01-28
787,林 涼平,F,1995-11-27,2021-12-07
788,佐藤 裕太,F,1993-05-06,2022-10-28
789,中村 京助,F,1963-09-03,2024-11-10
790,田中 千代,F,1982-05-14,2023-09-28
791,後藤 和也,M,1950-12-16,2021-08-05
792,林 知実,F,1953-09-23,2022-01-07
793,斎藤 聡太郎,M,1967-09-06,2021-07-27
794,林 幹,F,1988-07-17,2025-05-27
795,佐藤 稔,M,2001-10-16,2022-03-16
796,山本 真綾,M,1989-01-23,2022-11-02
797,池田 直樹,M,1953-07-20,2022-08-07
798,田中 直子,F,1997-01-17,2023-01-04
799,高橋 太郎,F,1973-06-02,2020-10-28
800,鈴木 加奈,F,1995-02-22,2024-10-09
801,田中 翔太,F,1987-12-03,2023-08-19
802,阿部 美加子,M,1943-01-14,2022-06-28
803,山田 裕樹,F,1986-12-24,2020-12-13
804,森 涼平,F,1961-08-23,2021-07-15
805,山本 幹,F,1996-08-17,2024-01-06
806,高橋 裕太,M,1967-12-24,2024-08-24
807,吉田 聡太郎,F,1966-06-09,2024-07-04
808,加藤 直人,F,1947-04-15,2024-04-10
809,佐藤 充,F,1977-09-21,2022-11-16
810,高橋 七夏,F,1948-06-13,2024-01-30
811,中村 花子,F,2002-05-29,2021-01-04
812,高橋 舞,F,1983-08-12,2024-11-19
813,田中 さゆり,F,1947-08-01,2022-07-10
814,石井 香織,M,1953-04-04,2024-08-27
815,佐藤 裕太,M,1967-03-04,2023-06-09
816,山田 真綾,F,1946-08-16,2021-05-06
817,松田 真綾,M,1981-09-10,2023-10-05
818,山本 幹,F,1982-12-30,2020-12-16
819,鈴木 陽一,M,1947-11-06,2022-11-12
820,高橋 陽一,F,1985-02-24,2022-01-17
821,石井 聡太郎,F,1977-10-08,2020-12-25
822,斉藤 裕美子,F,1941-06-21,2023-08-01
823,鈴木 直子,F,1940-01-22,2022-09-19
824,井上 聡太郎,M,1963-10-17,2022-09-01
825,鈴木 充,F,1979-06-27,2020-11-26
826,渡辺 花子,M,1977-04-25,2021-01-05
827,斎藤 裕樹,M,1976-08-19,2025-03-14
828,山本 里佳,F,1978-08-08,2020-08-28
829,佐藤 知実,M,1947-11-21,2021-07-13
830,後藤 智也,F,2001-08-22,2025-05-05
831,伊藤 幹,M,1997-04-02,2024-12-20
832,木村 美加子,F,1959-07-29,2022-01-24
833,山本 直樹,M,1980-05-22,2021-11-10
834,阿部 充,M,1973-04-08,2021-06-19
835,井上 聡太郎,F,1952-09-16,2022-08-24
836,松田 裕樹,M,2002-06-16,2021-05-09
837,太田 淳,M,1984-02-27,2021-09-11
838,藤原 知実,F,1940-06-12,2024-10-23
839,佐藤 裕樹,F,1961-12-03,2020-07-31
840,井上 真綾,F,1984-11-09,2024-11-23
841,山口 直子,F,1962-06-28,2021-02-19
842,清水 智也,M,1982-04-17,2024-09-29
843,坂本 修平,F,1958-10-08,2025-02-11
844,伊藤 明美,F,1968-12-25,2023-08-23
845,坂本 陽子,F,1951-05-16,2024-11-29
846,木村 零,F,1940-07-14,2021-10-30
847,中村 直子,M,1943-02-18,2024-10-17
848,斉藤 翼,M,1994-11-29,2024-01-10
849,林 稔,M,1981-01-07,2021-12-27
850,藤田 知実,F,1996-11-16,2020-08-03
851,斎藤 美加子,M,1991-07-21,2023-12-21
852,小川 陽子,M,1983-06-30,2022-07-08
853,加藤 英樹,F,1944-11-09,2022-10-18
854,井上 七夏,M,1960-07-13,2021-11-19
855,松本 美加子,M,1945-02-10,2022-01-15
856,山口 直樹,F,1978-04-21,2023-05-12
857,佐藤 舞,M,1955-04-23,2024-07-19
858,後藤 翼,F,1979-06-26,2021-08-01
859,近藤 加奈,M,1939-09-15,2025-02-24
860,渡辺 亮介,M,1967-04-17,2021-06-02
861,佐藤 くみ子,F,1984-02-10,2021-07-24
862,伊藤 美加子,M,1973-12-02,2023-09-19
863,福田 聡太郎,F,1973-07-09,2024-02-07
864,高橋 京助,F,1983-10-29,2024-10-28
865,井上 翔太,F,2007-01-27,2022-02-12
866,渡辺 康弘,F,2006-03-21,2023-05-21
867,加藤 花子,M,1943-04-03,2022-11-20
868,佐藤 香織,M,1999-03-28,2021-05-20
869,橋本 加奈,F,1977-07-07,2024-02-05
870,西村 翔太,M,2004-11-05,2022-04-03
871,山口 裕樹,M,1946-12-03,2023-09-15
872,石川 稔,M,1998-12-14,2022-08-23
873,山本 七夏,M,1944-09-21,2020-10-04
874,山本 春香,F,1941-09-03,2024-09-17
875,吉田 太一,M,1981-08-02,2024-04-26
876,山田 翼,F,1965-02-06,2021-01-11
877,山口 健一,M,1943-12-24,2023-02-10
878,佐藤 香織,M,1986-08-21,2021-01-13
879,高橋 康弘,F,1992-08-24,2025-02-13
880,岡田 陽一,F,1998-04-09,2023-12-01
881,渡辺 直人,F,1998-09-18,2022-02-25
882,池田 充,F,1995-09-03,2020-12-21
883,阿部 康弘,M,1993-03-20,2023-01-11
884,伊藤 あすか,F,2004-12-02,2023-09-10
885,村上 さゆり,F,1964-10-26,2022-11-09
886,渡辺 洋介,M,1944-10-23,2022-07-17
887,山口 七夏,M,1991-06-08,2021-11-22
888,鈴木 翔太,F,1967-04-04,2022-01-03
889,森 浩,F,2003-12-11,2021-11-24
890,前田 直人,F,1975-05-12,2021-09-03
891,石井 あすか,F,1970-09-11,2024-12-06
892,小林 亮介,F,2000-06-11,2020-09-28
893,田中 稔,F,1970-09-06,2024-03-29
894,藤井 淳,F,1980-05-16,2023-06-29
895,山本 淳,M,1956-05-25,2024-12-20
896,鈴木 春香,F,1945-06-09,2020-10-31
897,斉藤 聡太郎,F,1979-11-04,2023-11-18
898,清水 晃,M,1973-12-03,2024-08-03
899,吉田 くみ子,M,1981-01-02,2022-06-16
900,田中 あすか,F,1942-10-31,2024-11-25
901,佐藤 学,F,1993-09-06,2022-06-09
902,太田 さゆり,F,1960-05-17,2024-11-08
903,林 稔,F,1971-09-26,2025-03-10
904,吉田 翔太,M,1978-10-08,2022-04-12
905,山口 拓真,F,1981-11-25,2022-05-31
906,渡辺 明美,F,1971-05-25,2021-01-06
907,西村 英樹,M,1952-02-05,2022-08-03
908,山本 康弘,M,1957-08-07,2022-09-27
909,山下 智也,F,1957-11-26,2021-11-10
910,山本 拓真,F,1963-03-12,2020-10-15
911,清水 修平,M,1995-09-04,2023-01-10
912,山崎 聡太郎,F,1963-09-18,2020-11-18
913,田中 学,M,1971-01-13,2021-11-27
914,渡辺 和也,M,1975-04-04,2021-06-03
915,小川 零,F,1996-08-26,2024-01-06
916,小川 陽子,M,1978-11-22,2021-08-23
917,鈴木 陽一,M,2002-09-15,2025-06-11
918,池田 真綾,M,1998-04-24,2023-07-11
919,斎藤 修平,F,2001-12-14,2024-11-08
920,遠藤 舞,F,1944-12-07,2020-11-23
921,吉田 結衣,M,1983-05-30,2025-02-21
922,田中 千代,F,2003-12-13,2020-11-25
923,渡辺 零,M,1994-02-14,2023-01-26
924,中村 聡太郎,M,2006-04-04,2023-07-20
925,渡辺 太郎,F,1976-03-07,2024-02-23
926,木村 千代,F,1958-09-25,2023-01-17
927,渡辺 英樹,F,1989-04-04,2024-05-26
928,吉田 稔,M,2007-01-28,2022-04-12
929,鈴木 和也,M,1939-12-26,2025-03-31
930,遠藤 さゆり,M,1981-12-21,2025-01-29
931,斉藤 七夏,F,1962-05-30,2021-04-10
932,渡辺 修平,F,1945-06-21,2023-01-15
933,阿部 英樹,M,1954-10-28,2025-02-02
934,山崎 陽一,F,1971-09-18,2024-09-28
935,池田 直樹,F,2004-06-20,2025-02-11
936,高橋 春香,F,1950-09-01,2020-12-06
937,山本 花子,F,1996-03-17,2022-06-07
938,佐藤 直子,M,1972-02-11,2024-01-09
939,林 春香,F,1987-06-12,2024-11-04
940,田中 千代,M,2003-03-14,2022-09-13
941,鈴木 美加子,M,1973-07-28,2020-10-08
942,山口 幹,M,1966-03-30,2025-04-11
943,山下 直樹,F,1954-11-15,2023-10-05
944,田中 洋介,F,1998-07-19,2020-06-29
945,佐藤 直人,M,1967-11-14,2024-05-06
946,小林 真綾,F,1949-04-29,2023-03-25
947,渡辺 明美,M,1984-04-19,2023-03-30
948,井上 亮介,F,1940-07-18,2020-07-28
949,小林 結衣,M,2005-11-29,2021-07-25
950,山口 太一,F,1962-11-07,2024-09-25
951,高橋 明美,F,1962-07-01,2023-11-04
952,加藤 稔,F,1974-11-01,2023-07-03
953,岡田 洋介,F,1985-07-09,2025-02-21
954,山本 直子,F,1975-04-23,2025-02-09
955,松本 真綾,M,1980-08-08,2022-10-30
956,渡辺 洋介,M,1940-11-07,2023-02-02
957,伊藤 京助,F,1973-09-20,2023-06-02
958,後藤 桃子,M,1963-05-10,2025-01-21
959,山本 亮介,F,1969-03-11,2025-03-17
960,藤田 春香,M,1949-11-24,2023-01-26
961,吉田 智也,M,1946-11-21,2021-07-15
962,佐藤 花子,F,2006-05-23,2023-07-10
963,山口 あすか,F,1955-04-24,2023-04-17
964,木村 陽子,F,2006-09-15,2021-08-14
965,後藤 陽子,M,1971-07-24,2020-10-07
966,渡辺 直子,M,1964-03-22,2023-07-07
967,佐藤 治,M,1955-12-14,2023-05-05
968,山口 零,M,1978-06-20,2023-11-16
969,高橋 千代,F,1968-09-25,2020-08-29
970,山本 篤司,F,2005-06-05,2024-12-28
971,山崎 春香,M,1958-10-26,2023-06-13
972,田中 陽一,M,1972-11-02,2022-12-29
973,井上 浩,M,1999-03-26,2025-04-10
974,後藤 さゆり,M,1955-05-26,2024-07-22
975,鈴木 七夏,F,1966-01-18,2023-08-14
976,佐藤 千代,F,2002-10-11,2020-11-09
977,鈴木 和也,F,1981-05-03,2025-06-13
978,斎藤 稔,F,1951-08-20,2024-08-18
979,山本 充,M,1999-07-21,2023-10-31
980,鈴木 篤司,F,1944-06-08,2022-10-20
981,岡田 さゆり,M,1941-06-29,2021-05-03
982,中村 修平,F,1989-11-27,2022-08-25
983,山崎 拓真,F,1968-05-12,2022-01-03
984,中村 結衣,F,1970-10-14,2025-06-07
985,中川 知実,M,1943-11-03,2023-08-11
986,高橋 陽子,F,1957-02-09,2021-03-18
987,長谷川 裕太,M,1948-02-02,2022-03-01
988,太田 真綾,F,1952-01-14,2022-08-17
989,村上 裕太,F,1955-09-09,2024-11-27
990,伊藤 くみ子,M,1958-03-05,2021-09-25
991,高橋 篤司,F,2003-11-10,2022-10-29
992,阿部 桃子,M,1973-04-05,2020-08-15
993,阿部 春香,F,1966-11-20,2022-05-23
994,前田 明美,F,2000-08-14,2024-01-24
995,加藤 桃子,M,1991-08-09,2023-11-02
996,岡田 春香,F,1988-05-24,2021-08-05
997,伊藤 修平,F,1990-07-26,2022-10-12
998,吉田 裕太,M,1960-06-11,2021-01-09
999,前田 さゆり,M,1996-06-14,2022-06-26
1000,佐藤 京助,F,1959-04-27,2023-09-10
